{"BTC":{"BTC":1,"ETH":12.33967482281569,"RUB":3552816.7598237996,"XRP":55997.132121520815,"BNB":89.39963989220048,"LTC":313.63479369012487,"MATIC":18956.214435446294,"XLM":162488.53531536149,"TRX":609940.0474143336,"ATOM":1261.9948682779345,"DASH":337.26395474201894,"DOGE":273417.60853278707,"WAVES":3090.005578503148,"SOL":271.73663657097444,"USDT":46903.677063883275},"ETH":{"BTC":0.08103941265543156,"ETH":1,"RUB":287918.1834884942,"XRP":4537.974697516647,"BNB":7.244894308471016,"LTC":25.416779468955173,"MATIC":1536.2004840189807,"XLM":13167.975465198244,"TRX":49429.18319748367,"ATOM":102.27132289941252,"DASH":27.331672802141263,"DOGE":22157.602405149777,"WAVES":250.41223718390214,"SOL":22.021377424674235,"USDT":3801.046440637137},"RUB":{"BTC":2.8146681002754404e-7,"ETH":0.000003473208909155132,"RUB":1,"XRP":0.015761334148935383,"BNB":0.000025163031458068842,"LTC":0.00008827778489360635,"MATIC":0.00533554520734315,"XLM":0.045735129701262735,"TRX":0.17167787945376142,"ATOM":0.00035520966984532086,"DASH":0.00009492860947851006,"DOGE":0.07695798207908339,"WAVES":0.000869734013148597,"SOL":0.00007648484426324625,"USDT":0.013201828361733309},"XRP":{"BTC":0.000017858057406044908,"ETH":0.00022036262135776961,"RUB":63.446405650091876,"XRP":1,"BNB":0.0015965039012746586,"LTC":0.005600908150251301,"MATIC":0.3385211655894971,"XLM":2.9017295914858807,"TRX":10.892344380970922,"ATOM":0.022536776803841436,"DASH":0.0060228790647727055,"DOGE":4.882707349002025,"WAVES":0.05518149700590823,"SOL":0.004852688455210024,"USDT":0.8376085575614194},"BNB":{"BTC":0.011185727383307316,"ETH":0.1380282385666773,"RUB":39740.839718234245,"XRP":626.368654158373,"BNB":1,"LTC":3.50823330013757,"MATIC":212.03904689441703,"XLM":1817.5524589505367,"TRX":6822.623090538273,"ATOM":14.1163305556898,"DASH":3.77254265396032,"DOGE":3058.374830843596,"WAVES":34.563960014035025,"SOL":3.039571936739777,"USDT":524.6517449112823},"LTC":{"BTC":0.0031884217571473035,"ETH":0.03934408768118834,"RUB":11327.878256179789,"XRP":178.54247439410912,"BNB":0.28504375691342604,"LTC":1,"MATIC":60.440406539126755,"XLM":518.0819812864966,"TRX":1944.746117731319,"ATOM":4.023771895425612,"DASH":1.0753397312009967,"DOGE":871.7706518331225,"WAVES":9.852241016205978,"SOL":0.8664110042569246,"USDT":149.54870444069638},"MATIC":{"BTC":0.00005275314875791321,"ETH":0.0006509567015522724,"RUB":187.42227104059208,"XRP":2.9540250408231072,"BNB":0.004716112502137124,"LTC":0.016545222927192575,"MATIC":1,"XLM":8.571781874946698,"TRX":32.17625805465697,"ATOM":0.06657420301798896,"DASH":0.01779173557518783,"DOGE":14.423639775962995,"WAVES":0.16300752394555823,"SOL":0.014334963212003613,"USDT":2.474316653444156},"XLM":{"BTC":0.000006154280350051633,"ETH":0.00007594181828808147,"RUB":21.865030372317722,"XRP":0.34462204987472067,"BNB":0.0005501904470902615,"LTC":0.0019301964478996333,"MATIC":0.11666185801143222,"XLM":1,"TRX":3.753742048511594,"ATOM":0.0077666702197088915,"DASH":0.00207561692944951,"DOGE":1.6826886155514411,"WAVES":0.019016760613331855,"SOL":0.00167234344283787,"USDT":0.2886583780994243},"TRX":{"BTC":0.0000016395053976849269,"ETH":0.000020230963477683115,"RUB":5.824862254716591,"XRP":0.09180760036810937,"BNB":0.0001465711921543514,"LTC":0.0005142059371567581,"MATIC":0.031078815886587126,"XLM":0.266400830711453,"TRX":1,"ATOM":0.0020690473983923517,"DASH":0.0005529460742441049,"DOGE":0.44826964501160865,"WAVES":0.005066080824832446,"SOL":0.0004455136824068599,"USDT":0.07689883171750732},"ATOM":{"BTC":0.0007923962490945452,"ETH":0.009777912044645549,"RUB":2815.2386742046147,"XRP":44.37191745314477,"BNB":0.07083993932098274,"LTC":0.24852303410559648,"MATIC":15.020833215679515,"XLM":128.75530590475898,"TRX":483.31420574366695,"ATOM":1,"DASH":0.2672466926923682,"DOGE":216.6550874377812,"WAVES":2.448508830087115,"SOL":0.2153230915604078,"USDT":37.166297774162956},"DASH":{"BTC":0.0029650366899271027,"ETH":0.036587588591418245,"RUB":10534.232045465493,"XRP":166.0335512710047,"BNB":0.2650732123466451,"LTC":0.9299386705289376,"MATIC":56.20587130322404,"XLM":481.7844689025626,"TRX":1808.4946192393757,"ATOM":3.741861086943797,"DASH":1,"DOGE":810.6932409718394,"WAVES":9.161979912341257,"SOL":0.8057090974303263,"USDT":139.07112338690624},"DOGE":{"BTC":0.000003657408918782509,"ETH":0.00004513123675184208,"RUB":12.994103704179539,"XRP":0.20480441044749276,"BNB":0.0003269710402776786,"LTC":0.0011470906916827748,"MATIC":0.06933062774255501,"XLM":0.5942870182623098,"TRX":2.2308001693358097,"ATOM":0.004615631286697475,"DASH":0.0012335121960573205,"DOGE":1,"WAVES":0.01130141396190512,"SOL":0.0009938519981546434,"USDT":0.1715459268171413},"WAVES":{"BTC":0.00032362401121761636,"ETH":0.003993415063280643,"RUB":1149.7768109353528,"XRP":18.1220165138494,"BNB":0.028931870063324355,"LTC":0.10149974999140776,"MATIC":6.134686153100413,"XLM":52.5851915756326,"TRX":197.39124474648975,"ATOM":0.40841184140815256,"DASH":0.10914671387272878,"DOGE":88.48450321090851,"WAVES":1,"SOL":0.08794050032188239,"USDT":15.179156112269615},"SOL":{"BTC":0.003680033773211186,"ETH":0.0454104200984055,"RUB":13074.485666182318,"XRP":206.07133741016557,"BNB":0.3289936941162158,"LTC":1.1541866332337822,"MATIC":69.75950933467578,"XLM":597.9632977201488,"TRX":2244.5999741187798,"ATOM":4.644183736882002,"DASH":1.2411427439373985,"DOGE":1006.1860335912914,"WAVES":11.371324888302555,"SOL":1,"USDT":172.60711568288133},"USDT":{"BTC":0.000021320290062503844,"ETH":0.0002630854464994062,"RUB":75.74708385836846,"XRP":1.193875099499175,"BNB":0.0019060262539851043,"LTC":0.0066867847751670125,"MATIC":0.4041519902507375,"XLM":3.4643027047549064,"TRX":13.004098731610938,"ATOM":0.026906096649076894,"DASH":0.007190565342727012,"DOGE":5.829342722115146,"WAVES":0.0658798152284421,"SOL":0.005793503912302366,"USDT":1}}